setting,policy,variant,rate,requests,tpot50_ms,tpot95_ms,tpot99_ms,ttft50_ms,raw,sha256
qwen,rr,rr,20,2400,15.246364800168344,16.11331591164828,16.28552735412271,59.75830019451678,run-2cpu-rr-eldr/fig10_main_task/qwen/run/r20-rr/measure/raw.json,a411d96112b6e95317047d689dbc88c204b344a14789b79f26c18147913a57ec
qwen,eldr,eldr,20,2400,13.046944119335095,15.026375912029637,15.537630777601917,60.90320064686239,run-2cpu-rr-eldr/fig10_main_task/qwen/run/r20-eldr/measure/raw.json,f286c6901face3ba936b38a757634e1215a84134adac1bf7e28147789dcc14d0
qwen,rr,rr,40,4800,18.819451418207727,21.039484801689444,21.26254670814941,60.37825089879334,run-2cpu-rr-eldr/fig10_main_task/qwen/run/r40-rr/measure/raw.json,2422c5f8bfb2d1d7c1616bcf24272c0b6d015363e843bece5443564222369687
qwen,eldr,eldr,40,4800,16.391172696181997,18.613263450694177,19.375561295093608,61.277999775484204,run-2cpu-rr-eldr/fig10_main_task/qwen/run/r40-eldr/measure/raw.json,6c3e1d3cd1e02b98893a52e1982ad20d1e895c5720a5a83c1de0959623228178
qwen,rr,rr,60,7200,26.815188613514287,27.444115349678448,27.573260514852965,61.80575443431735,run-2cpu-rr-eldr/fig10_main_task/qwen/run/r60-rr/measure/raw.json,3370c128516a8c4768c2b6ad0df3fe9ea02534cf8f8cbc0dabef0371e152437f
qwen,eldr,eldr,60,7200,22.61519118771686,25.121026647043887,25.577472313371015,62.65724985860288,run-2cpu-rr-eldr/fig10_main_task/qwen/run/r60-eldr/measure/raw.json,f7e968722515a9844f3879ace9a37617adeee1e93d1cca023590df055136d3b6
qwen,rr,rr,80,9600,25.527438147033614,26.513913045537066,26.704438524976837,64.16860641911626,run-2cpu-rr-eldr/fig10_main_task/qwen/run/r80-rr/measure/raw.json,d2e24a8293bd7674d918290f04304c425b8b3e777fe57d780828ca0300145509
qwen,eldr,eldr,80,9600,23.55891738247323,25.67409272875214,26.143705942431087,64.91257785819471,run-2cpu-rr-eldr/fig10_main_task/qwen/run/r80-eldr/measure/raw.json,229427017e75e897af5e228e227f5315d97c18e2e879bdf15e7342b23403db6d
qwen,rr,rr,100,12000,25.12402694313304,25.920152113729188,26.057230344000263,69.77932062000036,run-2cpu-rr-eldr/fig10_main_task/qwen/run/r100-rr/measure/raw.json,3ad599df8a08ee102e37cf1aac1b7a1be9326aa4e6ebafb35ce624adce8af841
qwen,eldr,eldr,100,12000,21.745693989265746,23.94070500556248,24.709233831433824,70.2678607776761,run-2cpu-rr-eldr/fig10_main_task/qwen/run/r100-eldr/measure/raw.json,8d6a292c66ab02956924362b7b4ef6879c1a7adc436b212a96c2463069fe2621
qwen,random,random,20,2400,14.848817220967401,16.30794723821647,18.43646127309599,59.57783851772547,run-2cpu-baselines/fig10_main_task/qwen/run/r20-random/measure/raw.json,35f2d5e7c77a2983378f39fd61e0d42095a229ac70271f9d0cab8a00ab47598d
qwen,jsq,jsq,20,2400,14.995704072394542,16.14309682332183,16.321270586959212,59.67031908221543,run-2cpu-baselines/fig10_main_task/qwen/run/r20-jsq/measure/raw.json,6e2b355eabb9a6dfb467bf0c8963a7948c90a515bdf64b5f3c0fcce9d7f66e5c
qwen,p2c,p2c,20,2400,14.787478072645321,16.10064726193488,16.309242110449723,59.59030636586249,run-2cpu-baselines/fig10_main_task/qwen/run/r20-p2c/measure/raw.json,995942c734573bac9b6bc5e5d8f09a2bbe307e4af86d1c120b2323a3edb59110
qwen,domain,domain,20,2400,12.954974551584915,15.183986735953027,15.510059438560178,59.59729547612369,run-2cpu-baselines/fig10_main_task/qwen/run/r20-domain/measure/raw.json,f823e5a92738f6a491792e6c1fee422fcdc10914735df16e018b9999cad617fb
qwen,random,random,40,4800,19.98003160785118,24.51648771076658,25.48212813526035,60.13564858585596,run-2cpu-baselines/fig10_main_task/qwen/run/r40-random/measure/raw.json,14f77d7c056554088cb21c4fd6d41a5f4035d033b77f065e0130fea3689dea84
qwen,jsq,jsq,40,4800,19.76829772148055,21.06959450499696,21.266650151791247,60.014860006049275,run-2cpu-baselines/fig10_main_task/qwen/run/r40-jsq/measure/raw.json,500c9304d9862830b4b66df0a7318c7616a96ccc13089eba4cd4d8859abac65c
qwen,p2c,p2c,40,4800,20.115000220861305,20.954095246452553,21.244306008025287,60.1458796299994,run-2cpu-baselines/fig10_main_task/qwen/run/r40-p2c/measure/raw.json,c4a4d003c2af06a8555b49fddd9be66d5609d2e59804682ad73ef3bcef9e367f
qwen,domain,domain,40,4800,16.83873672096638,18.040557266185658,18.470886270825453,59.920771047472954,run-2cpu-baselines/fig10_main_task/qwen/run/r40-domain/measure/raw.json,a9e34c7db1a72a6c1f59662e240a009ff154fe69cdeec94f78aff0b5b08a8305
qwen,random,random,60,7200,26.669099785700993,27.453635501494876,27.596060504814258,61.586226336658,run-2cpu-baselines/fig10_main_task/qwen/run/r60-random/measure/raw.json,fb86371285bded935bb21123a50a37ee9cfbf54eae6fc01b0250b16cac1832ef
qwen,jsq,jsq,60,7200,27.003071658630397,27.437689666018443,27.54519508921937,61.37635000050068,run-2cpu-baselines/fig10_main_task/qwen/run/r60-jsq/measure/raw.json,f38b04747bfb061bc18c667ecaffd348a6f974ae76ccf3acd15a2d5dcd27c3ba
qwen,p2c,p2c,60,7200,26.961883483090077,27.400431767836896,27.67075401899421,61.61960936151445,run-2cpu-baselines/fig10_main_task/qwen/run/r60-p2c/measure/raw.json,f776ffb56410075543cfc5fd8234832577d51c4a43bb1ade9f671dd58442dd5c
qwen,domain,domain,60,7200,23.415883422561294,25.191070342303384,25.4904178372145,61.34887086227536,run-2cpu-baselines/fig10_main_task/qwen/run/r60-domain/measure/raw.json,dcc292ac1e6d3ba779f05bb7edd41b821b9823de2ba155aacf2c9f06b71cf7f1
qwen,random,random,80,9600,25.563199286770125,27.145829368583172,27.49940875078389,63.99786379188299,run-2cpu-baselines/fig10_main_task/qwen/run/r80-random/measure/raw.json,dcded0978c1d587c92c084f1c05ee81e63d8cf96c9e68ec0e8c129518ceb9e17
qwen,jsq,jsq,80,9600,25.58370151032134,26.56659494977036,26.891424044686026,63.99268703535199,run-2cpu-baselines/fig10_main_task/qwen/run/r80-jsq/measure/raw.json,ceb7a2ad5a571b8f1e4d0b3e0131190c96deba3c82acfbb594d06cc0d410578f
qwen,p2c,p2c,80,9600,25.567426040965458,26.47833754080703,26.77174504878229,63.78006818704307,run-2cpu-baselines/fig10_main_task/qwen/run/r80-p2c/measure/raw.json,9e1cb97db34bf2abe36efbd24fde6dc85d204ba17c24c0d6807bb6298ac7573d
qwen,domain,domain,80,9600,23.85775105154721,26.258239119792986,26.594765724417428,63.52882506325841,run-2cpu-baselines/fig10_main_task/qwen/run/r80-domain/measure/raw.json,eb2a71e48555455d3685bc0d53cd08185ffad5ea0b54cf4ab91556bd1ca1550d
qwen,random,random,100,12000,25.51896185131193,28.226024789531547,28.81662155873344,69.35231829993427,run-2cpu-baselines/fig10_main_task/qwen/run/r100-random/measure/raw.json,7417ac3f6da8d962ebfd2e7f05764b4de595e33f661cee769ed370ec88a445a7
qwen,jsq,jsq,100,12000,25.43988054683851,25.980117509447748,26.15730871437318,69.05886251479387,run-2cpu-baselines/fig10_main_task/qwen/run/r100-jsq/measure/raw.json,76ce9497568599ea47c739ef66de17bfd6eea0deb0030694db69bfe2fbd7b4b7
qwen,p2c,p2c,100,12000,25.457283983156522,25.891006303360637,26.093896809188966,69.04815440066159,run-2cpu-baselines/fig10_main_task/qwen/run/r100-p2c/measure/raw.json,372be767912603ec44adccaafad14f5c5f635064a854d9d198cb35d22286672d
qwen,domain,domain,100,12000,22.42673942664321,23.810606506797107,24.20522498797968,68.76373384147882,run-2cpu-baselines/fig10_main_task/qwen/run/r100-domain/measure/raw.json,f7653873f9552db433bd4756e39b21227c5f0d7172853d3e4e353d2939da7ef2
